/img/アイテム (1).png,1000,桃
/img/アイテム (2).png,1000,大草原
/img/アイテム (3).png,10000,大漁丸
/img/アイテム (4).png,10000,赤フラッグ
/img/アイテム (5).png,100000,推し勝た
/img/アイテム (6).png,30000,神輿
/img/アイテム (7).png,10000,高級車
/img/アイテム (8).png,1000,掛け声
/img/アイテム (10).png,1000,リムジン
/img/アイテム (11).png,999,リトボ
/img/アイテム (12).png,300000,ランタン
/img/アイテム (13).png,30000,フラワーランウェイ
/img/アイテム (14).png,1000,もじもじ
/img/アイテム (15).png,20000,ラグジュアリーケーキ
/img/アイテム (16).png,2000,ラキボ
/img/アイテム (17).png,500,メガホン
/img/アイテム (18).png,30000,ボンボン
/img/アイテム (19).png,2000,ミックマバースデー
/img/アイテム (20).png,50000,トロフィー
/img/アイテム (21).png,300,ミックマキッス
/img/アイテム (22).png,3000,AWARD
/img/アイテム (23).png,1000,バースデー
/img/アイテム (24).png,10000,ヘリコプター
/img/アイテム (27).png,50000,ぶりちゃん軍団
/img/アイテム (28).png,500,ぶりちゃん
/img/アイテム (29).png,500,ぶりぶりミックマ
/img/アイテム (30).png,3000,アーチ
/img/アイテム (32).png,2000,ブーケ
/img/アイテム (34).png,30000,ナビネオン
/img/アイテム (35).png,30000,ドリラン
/img/アイテム (36).png,1000,ティンカー
/img/アイテム (37).png,500,チョアヨ
/img/アイテム (38).png,1000,ちゅきとま
/img/アイテム (39).png,20000,ステンドグラス
/img/アイテム (41).png,10000,スターラッシュ
/img/アイテム (42).png,30000,シンデレラステージ
/img/アイテム (43).png,20000,シャンパンタワー
/img/アイテム (44).png,3000,シャンパン
/img/アイテム (45).png,200000,シャンパンスワン
/img/アイテム (46).png,80000,シャンパンゴールド
/img/アイテム (47).png,60000,ゴジャボ
/img/アイテム (48).png,35000,グラボ
/img/アイテム (49).png,500,クラッカー
/img/アイテム (50).png,50000,ミックマキングダム
/img/アイテム (51).png,800,キャンボイ
/img/アイテム (52).png,1000,ギタートリオ
/img/アイテム (54).png,5000,インゴット
/img/アイテム (56).png,500,TKG
/img/アイテム (58).png,10000,クラシック大
/img/アイテム (59).png,1000,クラシック小
/img/アイテム (61).png,20000,ミスコンフレーム
/img/アイテム (64).png,300,ミックマ雪だるま
/img/アイテム (65).png,777,ミクチャスロット
/img/アイテム (66).png,2000,お正月ックマ
/img/アイテム (80).png,20000,ミスターコンフレーム
/img/アイテム (83).png,200,ガチックマ
/img/アイテム (87).png,5000,ドットミックマ
/img/アイテム (88).png,1000,ミックマゲーム
/img/アイテム (94).png,10000,ジュエリーローズ
/img/アイテム (95).png,1000,キャンパスアワード
/img/アイテム (96).png,30000,ブリシャン
/img/アイテム (99).png,5000,ヒッチハイク
/img/アイテム (100).png,2000,ヴァンパイア
/img/アイテム (101).png,500,キンモクセイ
/img/アイテム (102).png,500,サクラバシ
/img/アイテム (108).png,5000,アリーナ
/img/アイテム (109).png,1000,ミューコレ
/img/アイテム (110).png,10000,あつまれミクメイト
/img/アイテム (111).png,10000,ミクチャリーグ
/img/アイテム (112).png,800,キャンガル
/img/アイテム (113).png,300,TGCキャンパス
/img/アイテム (115).png,10000,KAWAIIマイク
/img/アイテム (116).png,300,キレチョフ
/img/アイテム (117).png,300,ティアラ
/img/アイテム (118).png,300,マルデ・スター
/img/アイテム (119).png,300,いたずら三兄弟
/img/アイテム (120).png,300,ファンファン
/img/アイテム (121).png,300,ケン太
/img/アイテム (122).png,300,きの人
/img/アイテム (123).png,300,ピンキー
/img/アイテム (124).png,300,チャー・リー
/img/アイテム (125).png,20000,セレブレーション
/img/アイテム (127).png,2000,ミックマキャッチ
/img/アイテム (128).png,200,ミックマアイス
/img/アイテム (129).png,100000,ミクチャスクール
/img/アイテム (130).png,10000,ミックマBOY＆GIRL
/img/アイテム (131).png,500,おでかけミックマ
/img/アイテム (135).png,200,CF
/img/アイテム (136).png,200000,キャンボイランウェイ
/img/アイテム (137).png,2000,美少女図鑑ダイヤ
/img/アイテム (138).png,5000,ジャックオランタン
/img/アイテム (139).png,50000,ジュエリーボックス
/img/アイテム (140).png,12000,ミニボ
/img/アイテム (141).png,3500,プチボ
